WELL,DEPTH_MD,True_Lithology,Ensemble_Prediction,Entropy_Score,Top_3_Candidates
15/9-23_block_8,2876.1,Limestone,Limestone,1.6143,Limestone (70.0%) | Marl (9.3%) | Shale (5.9%)
15/9-23_block_8,2876.25,Limestone,Limestone,1.938,Limestone (60.0%) | Marl (15.5%) | Shale (5.9%)
15/9-23_block_8,2876.4,Limestone,Limestone,2.1421,Limestone (45.5%) | Marl (28.8%) | Shale (6.9%)
15/9-23_block_8,2876.55,Limestone,Limestone,1.6635,Limestone (68.9%) | Marl (8.7%) | Shale (6.9%)
15/9-23_block_8,2876.7,Limestone,Limestone,1.688,Limestone (67.9%) | Marl (9.6%) | Shale (7.3%)
15/9-23_block_8,2876.86,Limestone,Limestone,1.684,Limestone (67.9%) | Marl (10.7%) | Shale (7.2%)
15/9-23_block_8,2877.01,Limestone,Limestone,1.6018,Limestone (69.7%) | Marl (10.6%) | Shale (7.0%)
15/9-23_block_8,2877.31,Marl,Limestone,1.5532,Limestone (72.3%) | Marl (6.8%) | Shale (6.6%)
15/9-23_block_8,2877.46,Marl,Limestone,1.6239,Limestone (70.1%) | Marl (8.9%) | Shale (6.5%)
15/9-23_block_8,2877.62,Marl,Limestone,2.1099,Limestone (47.9%) | Marl (27.3%) | Shale (6.6%)
15/9-23_block_8,2877.77,Marl,Limestone,2.1215,Limestone (43.4%) | Marl (32.4%) | Shale (6.6%)
15/9-23_block_8,2877.92,Marl,Limestone,2.097,Limestone (38.6%) | Marl (38.0%) | Shale (6.6%)
15/9-23_block_8,2878.07,Marl,Limestone,2.0236,Limestone (48.2%) | Marl (29.7%) | Shale (6.6%)
15/9-23_block_8,2878.22,Marl,Limestone,2.0572,Limestone (41.3%) | Marl (36.2%) | Shale (6.6%)
15/9-23_block_8,2878.68,Marl,Marl,2.1626,Marl (45.3%) | Limestone (28.5%) | Shale (6.6%)
15/9-23_block_8,2878.83,Marl,Limestone,1.9458,Limestone (58.8%) | Marl (17.4%) | Shale (6.6%)
15/9-23_block_8,2878.98,Marl,Limestone,1.7596,Limestone (65.9%) | Marl (12.3%) | Shale (6.6%)
15/9-23_block_8,2879.14,Marl,Limestone,1.9217,Limestone (56.6%) | Marl (21.9%) | Shale (6.6%)
15/9-23_block_8,2879.29,Marl,Limestone,2.0147,Limestone (44.5%) | Marl (34.4%) | Shale (6.6%)
15/9-23_block_8,2879.44,Marl,Marl,1.8939,Marl (57.7%) | Limestone (21.4%) | Shale (6.2%)
15/9-23_block_8,2879.59,Marl,Limestone,1.9779,Limestone (50.4%) | Marl (28.5%) | Shale (6.3%)
15/9-23_block_8,2879.74,Marl,Limestone,1.9776,Limestone (47.6%) | Marl (32.0%) | Shale (6.2%)
15/9-23_block_8,2879.9,Limestone,Limestone,1.972,Limestone (50.9%) | Marl (28.1%) | Shale (6.1%)
15/9-23_block_8,2880.05,Limestone,Limestone,1.9846,Limestone (51.3%) | Marl (27.3%) | Shale (6.2%)
15/9-23_block_8,2880.2,Limestone,Limestone,1.8476,Limestone (59.0%) | Marl (21.1%) | Shale (6.2%)
15/9-23_block_8,2880.35,Limestone,Limestone,1.5877,Limestone (69.8%) | Marl (11.5%) | Shale (6.2%)
15/9-23_block_8,2880.5,Limestone,Limestone,1.6135,Limestone (69.3%) | Marl (11.5%) | Shale (6.2%)
15/9-23_block_8,2881.26,Limestone,Limestone,1.5054,Limestone (73.3%) | Marl (7.3%) | Shale (6.2%)
15/9-23_block_8,2881.87,Limestone,Limestone,1.8668,Limestone (52.6%) | Marl (28.8%) | Shale (6.1%)
15/9-23_block_8,2882.02,Marl,Marl,1.8975,Marl (54.2%) | Limestone (26.2%) | Shale (5.8%)
15/9-23_block_8,2882.18,Marl,Marl,1.7885,Marl (61.2%) | Limestone (19.6%) | Shale (5.8%)
15/9-23_block_8,2882.33,Marl,Marl,1.8424,Marl (54.9%) | Limestone (26.4%) | Shale (6.7%)
15/9-23_block_8,2882.48,Marl,Limestone,1.9714,Limestone (42.2%) | Marl (37.7%) | Shale (6.6%)
15/9-23_block_8,2882.63,Limestone,Limestone,1.8076,Limestone (54.7%) | Marl (27.4%) | Shale (6.7%)
15/9-23_block_8,2882.78,Limestone,Limestone,1.8359,Limestone (53.0%) | Marl (28.8%) | Shale (6.8%)
15/9-23_block_8,2882.94,Limestone,Limestone,1.6508,Limestone (67.2%) | Marl (13.8%) | Shale (6.5%)
15/9-23_block_8,2883.09,Limestone,Limestone,1.7099,Limestone (66.6%) | Marl (12.7%) | Shale (6.4%)
15/9-23_block_8,2883.24,Limestone,Limestone,1.6503,Limestone (68.0%) | Marl (12.4%) | Shale (5.6%)
15/9-23_block_8,2883.39,Limestone,Limestone,1.5081,Limestone (72.1%) | Marl (9.9%) | Shale (5.6%)
15/9-23_block_8,2885.22,Marl,Limestone,1.9094,Limestone (51.2%) | Marl (29.3%) | Shale (6.8%)
15/9-23_block_8,2885.37,Marl,Marl,1.9702,Marl (49.9%) | Limestone (28.8%) | Shale (7.1%)
15/9-23_block_8,2885.52,Marl,Marl,1.7355,Marl (65.1%) | Limestone (14.1%) | Shale (6.9%)
15/9-23_block_8,2885.67,Marl,Marl,1.8198,Marl (58.4%) | Limestone (22.4%) | Shale (6.2%)
15/9-23_block_8,2885.82,Marl,Marl,1.8585,Marl (52.2%) | Limestone (29.4%) | Shale (6.3%)
15/9-23_block_8,2885.98,Limestone,Marl,1.9731,Marl (49.8%) | Limestone (29.5%) | Shale (6.3%)
15/9-23_block_8,2886.13,Limestone,Marl,2.0083,Marl (48.6%) | Limestone (29.9%) | Shale (6.5%)
15/9-23_block_8,2886.28,Limestone,Limestone,1.987,Limestone (46.8%) | Marl (32.7%) | Shale (6.5%)
15/9-23_block_8,2886.43,Limestone,Limestone,1.9332,Limestone (46.1%) | Marl (34.6%) | Shale (6.3%)
15/9-23_block_8,2886.58,Marl,Limestone,1.9682,Limestone (54.1%) | Marl (23.5%) | Shale (6.5%)
15/9-23_block_8,2886.74,Marl,Limestone,1.7947,Limestone (63.4%) | Marl (15.3%) | Shale (6.6%)
15/9-23_block_8,2886.89,Limestone,Limestone,1.6497,Limestone (68.5%) | Marl (11.5%) | Shale (6.6%)
15/9-23_block_8,2887.04,Limestone,Limestone,1.7475,Limestone (64.1%) | Marl (15.7%) | Shale (6.6%)
15/9-23_block_8,2887.19,Limestone,Limestone,1.627,Limestone (69.2%) | Marl (10.8%) | Shale (6.6%)
15/9-23_block_8,2887.34,Limestone,Limestone,1.5725,Limestone (71.3%) | Marl (8.3%) | Shale (6.6%)
15/9-23_block_8,2887.95,Limestone,Limestone,1.5123,Limestone (72.3%) | Marl (9.1%) | Shale (6.6%)
15/9-23_block_8,2888.1,Limestone,Marl,1.9528,Marl (45.9%) | Limestone (34.3%) | Shale (6.7%)
15/9-23_block_8,2888.26,Limestone,Limestone,1.5421,Limestone (71.7%) | Marl (9.1%) | Shale (6.7%)
15/9-23_block_8,2888.41,Limestone,Limestone,2.0798,Limestone (39.4%) | Marl (37.4%) | Shale (6.7%)
15/9-23_block_8,2888.56,Limestone,Limestone,1.7061,Limestone (67.4%) | Marl (10.9%) | Shale (6.7%)
15/9-23_block_8,2888.71,Limestone,Limestone,2.0916,Limestone (54.6%) | Marl (16.6%) | Chalk (7.7%)
15/9-23_block_8,2888.86,Limestone,Limestone,2.1846,Limestone (50.5%) | Marl (17.5%) | Shale (11.1%)
15/9-23_block_8,2889.02,Limestone,Limestone,2.2902,Limestone (43.3%) | Marl (19.2%) | Shale (17.5%)
15/9-23_block_8,2889.17,Marl,Marl,2.3667,Marl (27.8%) | Limestone (27.6%) | Shale (25.9%)
15/9-23_block_8,2889.32,Marl,Marl,2.3726,Marl (31.6%) | Shale (26.3%) | Limestone (22.6%)
15/9-23_block_8,2889.47,Marl,Marl,2.3531,Marl (35.4%) | Shale (22.6%) | Limestone (22.3%)
15/9-23_block_8,2889.62,Marl,Marl,2.1221,Marl (51.1%) | Shale (21.6%) | Sandstone/Shale (6.8%)
15/9-23_block_8,2889.78,Marl,Marl,1.8933,Marl (56.1%) | Shale (23.1%) | Sandstone/Shale (7.0%)
15/9-23_block_8,2889.93,Marl,Marl,2.3058,Marl (36.5%) | Shale (30.8%) | Sandstone/Shale (10.8%)
15/9-23_block_8,2890.08,Marl,Shale,2.2365,Shale (38.8%) | Marl (31.8%) | Sandstone/Shale (10.4%)
15/9-23_block_8,2890.23,Marl,Shale,2.4345,Shale (35.2%) | Marl (25.5%) | Sandstone/Shale (12.6%)
15/9-23_block_8,2890.38,Marl,Shale,2.4567,Shale (35.4%) | Marl (22.7%) | Sandstone/Shale (14.7%)
15/9-23_block_8,2890.54,Marl,Shale,2.3265,Shale (34.7%) | Marl (31.0%) | Sandstone/Shale (13.1%)
15/9-23_block_8,2890.69,Marl,Marl,2.2217,Marl (35.3%) | Shale (34.3%) | Chalk (9.4%)
15/9-23_block_8,2890.84,Marl,Marl,2.3013,Marl (39.3%) | Shale (27.9%) | Sandstone/Shale (10.0%)
15/9-23_block_8,2890.99,Marl,Marl,2.2483,Marl (40.3%) | Shale (27.6%) | Sandstone/Shale (14.3%)
15/9-23_block_8,2891.14,Marl,Marl,2.2296,Marl (33.9%) | Shale (32.9%) | Sandstone/Shale (17.1%)
15/9-23_block_8,2891.3,Marl,Shale,2.1716,Shale (36.4%) | Marl (30.2%) | Sandstone/Shale (19.6%)
15/9-23_block_8,2891.45,Marl,Shale,2.196,Shale (37.1%) | Marl (28.1%) | Sandstone/Shale (20.5%)
15/9-23_block_8,2891.6,Marl,Shale,2.1927,Shale (36.7%) | Marl (29.0%) | Sandstone/Shale (19.9%)
15/9-23_block_8,2891.75,Marl,Shale,2.33,Shale (35.4%) | Marl (22.6%) | Sandstone/Shale (18.8%)
15/9-23_block_8,2891.9,Marl,Shale,2.3044,Shale (36.9%) | Marl (23.6%) | Sandstone/Shale (16.3%)
15/9-23_block_8,2892.06,Marl,Shale,2.3085,Shale (35.0%) | Marl (24.5%) | Sandstone/Shale (18.0%)
15/9-23_block_8,2892.21,Marl,Shale,2.1124,Shale (38.2%) | Marl (32.9%) | Sandstone/Shale (15.9%)
15/9-23_block_8,2892.36,Marl,Shale,1.9962,Shale (46.8%) | Marl (28.1%) | Sandstone/Shale (13.2%)
15/9-23_block_8,2892.51,Marl,Shale,2.1148,Shale (41.9%) | Marl (25.3%) | Sandstone/Shale (19.7%)
15/9-23_block_8,2892.66,Marl,Shale,2.1787,Shale (37.0%) | Marl (28.8%) | Sandstone/Shale (20.5%)
15/9-23_block_8,2892.82,Marl,Marl,2.2672,Marl (30.1%) | Shale (28.7%) | Sandstone/Shale (25.8%)
15/9-23_block_8,2892.97,Marl,Shale,2.3061,Shale (33.9%) | Marl (24.7%) | Sandstone/Shale (22.6%)
15/9-23_block_8,2893.12,Marl,Shale,2.2533,Shale (41.4%) | Sandstone/Shale (21.4%) | Marl (16.6%)
15/9-23_block_8,2893.27,Marl,Shale,2.0005,Shale (43.8%) | Marl (32.5%) | Sandstone/Shale (10.6%)
15/9-23_block_8,2893.42,Marl,Shale,1.8772,Shale (51.0%) | Marl (27.2%) | Sandstone/Shale (12.0%)
15/9-23_block_8,2893.58,Marl,Shale,1.8165,Shale (58.8%) | Marl (18.7%) | Sandstone/Shale (10.6%)
15/9-23_block_8,2893.73,Marl,Shale,1.9176,Shale (52.8%) | Marl (21.8%) | Sandstone/Shale (13.9%)
15/9-23_block_8,2893.88,Marl,Shale,1.9883,Shale (51.1%) | Marl (21.6%) | Sandstone/Shale (14.7%)
15/9-23_block_8,2894.03,Marl,Shale,1.9995,Shale (49.3%) | Marl (24.0%) | Sandstone/Shale (14.2%)
15/9-23_block_8,2894.18,Marl,Shale,1.8898,Shale (56.3%) | Sandstone/Shale (18.2%) | Marl (13.4%)
15/9-23_block_8,2894.34,Marl,Shale,1.8672,Shale (56.6%) | Sandstone/Shale (18.3%) | Tuff (14.0%)
15/9-23_block_8,2894.49,Marl,Shale,1.9472,Shale (50.4%) | Sandstone/Shale (25.0%) | Tuff (13.9%)
15/9-23_block_8,2894.64,Marl,Shale,2.1763,Shale (39.7%) | Sandstone/Shale (29.7%) | Marl (15.3%)
15/9-23_block_8,2894.79,Marl,Shale,2.2223,Shale (36.3%) | Marl (27.0%) | Sandstone/Shale (21.8%)
15/9-23_block_8,2894.94,Marl,Shale,2.3332,Shale (36.3%) | Sandstone/Shale (24.0%) | Marl (15.1%)
15/9-23_block_8,2895.1,Marl,Marl,2.3369,Marl (30.2%) | Shale (27.1%) | Sandstone/Shale (19.8%)
15/9-23_block_8,2895.25,Marl,Marl,2.2101,Marl (32.7%) | Shale (32.0%) | Tuff (14.6%)
15/9-23_block_8,2895.4,Marl,Shale,2.2659,Shale (35.9%) | Sandstone/Shale (25.6%) | Marl (16.6%)
15/9-23_block_8,2895.55,Marl,Shale,2.2043,Shale (36.5%) | Sandstone/Shale (28.7%) | Marl (19.8%)
15/9-23_block_8,2895.7,Marl,Shale,2.0732,Shale (43.1%) | Marl (23.3%) | Sandstone/Shale (21.9%)
15/9-23_block_8,2895.86,Marl,Shale,2.2025,Shale (42.7%) | Sandstone/Shale (21.6%) | Tuff (14.3%)
15/9-23_block_8,2896.01,Marl,Shale,2.1091,Shale (45.5%) | Sandstone/Shale (24.9%) | Tuff (13.2%)
15/9-23_block_8,2896.16,Marl,Shale,2.1023,Shale (39.8%) | Sandstone/Shale (30.5%) | Tuff (13.2%)
15/9-23_block_8,2896.31,Marl,Shale,2.1444,Shale (35.8%) | Sandstone/Shale (27.2%) | Marl (24.7%)
15/9-23_block_8,2896.46,Marl,Shale,2.2013,Shale (32.4%) | Marl (28.2%) | Sandstone/Shale (25.8%)
15/9-23_block_8,2896.62,Marl,Shale,2.2866,Shale (34.4%) | Sandstone/Shale (26.5%) | Marl (22.4%)
15/9-23_block_8,2896.77,Marl,Shale,2.3877,Shale (32.1%) | Sandstone/Shale (26.4%) | Marl (16.6%)
15/9-23_block_8,2896.92,Marl,Shale,2.3194,Shale (31.5%) | Sandstone/Shale (24.6%) | Marl (23.7%)
15/9-23_block_8,2897.07,Marl,Marl,2.4493,Marl (25.7%) | Sandstone/Shale (23.2%) | Shale (23.1%)
15/9-23_block_8,2897.22,Marl,Marl,2.2689,Marl (42.9%) | Sandstone/Shale (20.7%) | Shale (15.7%)
15/9-23_block_8,2897.38,Marl,Marl,2.233,Marl (45.9%) | Shale (19.1%) | Sandstone/Shale (16.1%)
15/9-23_block_8,2897.53,Marl,Marl,2.1812,Marl (46.6%) | Shale (22.6%) | Sandstone/Shale (13.3%)
15/9-23_block_8,2897.68,Marl,Marl,1.7947,Marl (61.0%) | Shale (19.3%) | Sandstone/Shale (6.8%)
15/9-23_block_8,2897.83,Marl,Marl,1.5364,Marl (68.6%) | Shale (16.4%) | Sandstone/Shale (4.8%)
15/9-23_block_8,2897.98,Marl,Marl,1.5619,Marl (63.9%) | Shale (22.8%) | Tuff (4.8%)
15/9-23_block_8,2898.14,Marl,Marl,1.6139,Marl (58.8%) | Shale (27.8%) | Sandstone/Shale (5.3%)
15/9-23_block_8,2898.29,Marl,Shale,2.1885,Shale (35.7%) | Marl (31.5%) | Sandstone/Shale (13.4%)
15/9-23_block_8,2898.44,Marl,Marl,2.1841,Marl (39.2%) | Shale (28.7%) | Tuff (13.0%)
15/9-23_block_8,2898.59,Marl,Marl,1.6598,Marl (63.2%) | Shale (20.6%) | Sandstone/Shale (5.7%)
15/9-23_block_8,2898.74,Marl,Marl,1.7952,Marl (45.2%) | Shale (38.5%) | Sandstone/Shale (6.5%)
15/9-23_block_8,2898.9,Marl,Shale,1.8825,Shale (43.8%) | Marl (36.5%) | Sandstone/Shale (10.2%)
15/9-23_block_8,2899.05,Marl,Shale,1.9721,Shale (33.2%) | Sandstone/Shale (33.1%) | Marl (25.8%)
15/9-23_block_8,2899.2,Marl,Marl,2.0488,Marl (33.5%) | Shale (31.2%) | Sandstone/Shale (25.6%)
15/9-23_block_8,2899.35,Marl,Shale,2.074,Shale (40.9%) | Sandstone/Shale (24.3%) | Marl (23.0%)
15/9-23_block_8,2899.5,Marl,Shale,1.8595,Shale (58.6%) | Sandstone/Shale (15.0%) | Marl (10.8%)
15/9-23_block_8,2899.81,Marl,Shale,1.8344,Shale (52.8%) | Marl (23.9%) | Sandstone/Shale (14.6%)
15/9-23_block_8,2899.96,Marl,Shale,1.8662,Shale (47.7%) | Marl (31.2%) | Sandstone/Shale (12.2%)
15/9-23_block_8,2900.11,Marl,Marl,1.8529,Marl (43.4%) | Shale (37.4%) | Sandstone/Shale (10.5%)
15/9-23_block_8,2900.26,Marl,Shale,1.9093,Shale (41.0%) | Marl (39.1%) | Sandstone/Shale (9.1%)
15/9-23_block_8,2900.42,Marl,Shale,1.9927,Shale (47.4%) | Marl (27.9%) | Sandstone/Shale (11.2%)
15/9-23_block_8,2900.57,Marl,Shale,1.8178,Shale (54.9%) | Marl (24.4%) | Sandstone/Shale (11.2%)
15/9-23_block_8,2900.72,Marl,Marl,1.8912,Marl (42.9%) | Shale (36.2%) | Sandstone/Shale (11.8%)
15/9-23_block_8,2900.87,Marl,Marl,2.0738,Marl (40.5%) | Shale (33.4%) | Sandstone/Shale (13.4%)
15/9-23_block_8,2901.02,Marl,Marl,1.9745,Marl (42.4%) | Shale (35.4%) | Sandstone/Shale (11.0%)
15/9-23_block_8,2901.18,Marl,Shale,1.888,Shale (41.5%) | Marl (40.0%) | Sandstone/Shale (8.0%)
15/9-23_block_8,2901.33,Marl,Shale,1.8496,Shale (45.6%) | Marl (36.9%) | Sandstone/Shale (7.6%)
15/9-23_block_8,2901.48,Marl,Shale,1.6955,Shale (52.8%) | Marl (32.2%) | Sandstone/Shale (7.5%)
15/9-23_block_8,2901.78,Marl,Shale,1.5157,Shale (66.6%) | Marl (18.2%) | Sandstone/Shale (7.9%)
15/9-23_block_8,2902.24,Marl,Shale,1.8803,Shale (51.7%) | Sandstone/Shale (23.4%) | Marl (15.7%)
15/9-23_block_8,2902.39,Marl,Marl,1.7954,Marl (41.9%) | Shale (40.9%) | Sandstone/Shale (9.1%)
15/9-23_block_8,2902.54,Marl,Shale,1.8864,Shale (46.4%) | Marl (33.9%) | Sandstone/Shale (9.5%)
15/9-23_block_8,2902.7,Marl,Shale,1.8297,Shale (52.7%) | Marl (26.9%) | Sandstone/Shale (11.5%)
15/9-23_block_8,2902.85,Marl,Shale,1.7196,Shale (56.5%) | Marl (25.8%) | Sandstone/Shale (10.0%)
15/9-23_block_8,2903.0,Marl,Shale,1.5206,Shale (66.4%) | Marl (16.4%) | Sandstone/Shale (10.4%)
15/9-23_block_8,2903.15,Marl,Shale,1.5899,Shale (64.2%) | Marl (16.4%) | Sandstone/Shale (12.4%)
15/9-23_block_8,2903.3,Marl,Shale,1.7415,Shale (57.9%) | Marl (17.8%) | Sandstone/Shale (16.4%)
15/9-23_block_8,2903.46,Marl,Shale,1.8719,Shale (51.4%) | Marl (24.9%) | Sandstone/Shale (14.6%)
15/9-23_block_8,2903.61,Marl,Shale,1.8659,Shale (50.1%) | Marl (28.2%) | Sandstone/Shale (12.7%)
15/9-23_block_8,2903.76,Marl,Shale,1.7737,Shale (42.4%) | Marl (42.0%) | Sandstone/Shale (6.7%)
15/9-23_block_8,2904.06,Marl,Marl,1.637,Marl (61.7%) | Shale (23.2%) | Sandstone/Shale (6.2%)
15/9-23_block_8,2904.22,Marl,Marl,1.8117,Marl (48.3%) | Shale (35.0%) | Sandstone/Shale (6.2%)
15/9-23_block_8,2904.37,Marl,Marl,1.7337,Marl (49.2%) | Shale (35.1%) | Sandstone/Shale (8.1%)
15/9-23_block_8,2904.52,Marl,Shale,1.7618,Shale (44.2%) | Marl (39.7%) | Sandstone/Shale (8.3%)
15/9-23_block_8,2904.67,Marl,Marl,1.7911,Marl (42.4%) | Shale (41.3%) | Sandstone/Shale (7.6%)
15/9-23_block_8,2904.82,Marl,Marl,1.704,Marl (46.9%) | Shale (39.2%) | Sandstone/Shale (6.1%)
15/9-23_block_8,2904.98,Marl,Marl,1.7689,Marl (45.0%) | Shale (39.3%) | Sandstone/Shale (7.0%)
15/9-23_block_8,2905.13,Marl,Marl,1.6976,Marl (47.5%) | Shale (38.7%) | Sandstone/Shale (5.9%)
15/9-23_block_8,2905.28,Marl,Shale,1.7303,Shale (44.9%) | Marl (40.5%) | Sandstone/Shale (6.1%)
15/9-23_block_8,2905.43,Marl,Marl,1.7436,Marl (43.8%) | Shale (41.4%) | Sandstone/Shale (6.3%)
15/9-23_block_8,2905.58,Marl,Shale,1.7605,Shale (42.9%) | Marl (41.8%) | Sandstone/Shale (6.7%)
15/9-23_block_8,2905.74,Marl,Marl,1.7093,Marl (43.3%) | Shale (43.0%) | Sandstone/Shale (5.5%)
15/9-23_block_8,2905.89,Marl,Marl,1.7921,Marl (42.2%) | Shale (41.8%) | Sandstone/Shale (6.9%)
15/9-23_block_8,2906.04,Marl,Shale,1.763,Shale (51.6%) | Marl (32.6%) | Tuff (5.9%)
15/9-23_block_8,2906.19,Marl,Shale,1.7422,Shale (44.6%) | Marl (40.8%) | Sandstone/Shale (5.9%)
15/9-23_block_8,2906.34,Marl,Marl,1.8045,Marl (46.3%) | Shale (36.7%) | Sandstone/Shale (8.2%)
15/9-23_block_8,2906.5,Marl,Marl,1.8213,Marl (51.9%) | Shale (28.6%) | Sandstone/Shale (10.6%)
15/9-23_block_8,2906.65,Marl,Marl,2.0345,Marl (37.9%) | Shale (32.7%) | Sandstone/Shale (19.4%)
15/9-23_block_8,2906.8,Marl,Shale,1.941,Shale (38.6%) | Sandstone/Shale (32.9%) | Marl (20.6%)
15/9-23_block_8,2906.95,Marl,Shale,1.7249,Shale (52.3%) | Sandstone/Shale (30.6%) | Marl (9.5%)
15/9-23_block_8,2907.26,Marl,Shale,1.8687,Shale (52.4%) | Marl (19.5%) | Sandstone/Shale (18.9%)
15/9-23_block_8,2907.41,Marl,Shale,1.9438,Shale (50.2%) | Marl (23.3%) | Sandstone/Shale (15.9%)
15/9-23_block_8,2907.56,Marl,Marl,1.9326,Marl (45.5%) | Shale (32.4%) | Sandstone/Shale (12.3%)
15/9-23_block_8,2907.71,Marl,Marl,1.9132,Marl (48.3%) | Shale (30.9%) | Sandstone/Shale (10.5%)
15/9-23_block_8,2907.86,Marl,Marl,1.7244,Marl (61.6%) | Shale (20.0%) | Sandstone/Shale (8.1%)
15/9-23_block_8,2908.02,Marl,Marl,1.8495,Marl (49.3%) | Shale (31.5%) | Sandstone/Shale (9.5%)
15/9-23_block_8,2908.17,Marl,Marl,1.9957,Marl (44.5%) | Shale (31.1%) | Sandstone/Shale (12.5%)
15/9-23_block_8,2908.32,Marl,Sandstone/Shale,2.0462,Sandstone/Shale (34.6%) | Shale (30.2%) | Marl (25.6%)
15/9-23_block_8,2908.47,Marl,Shale,1.874,Shale (40.3%) | Sandstone/Shale (38.8%) | Marl (12.2%)
15/9-23_block_8,2908.62,Marl,Shale,1.8224,Shale (54.1%) | Marl (20.8%) | Sandstone/Shale (16.2%)
15/9-23_block_8,2908.78,Marl,Shale,1.8108,Shale (46.3%) | Marl (35.5%) | Sandstone/Shale (9.9%)
15/9-23_block_8,2908.93,Marl,Marl,1.8149,Marl (45.7%) | Shale (36.8%) | Sandstone/Shale (8.9%)
15/9-23_block_8,2909.08,Marl,Marl,1.6605,Marl (63.1%) | Shale (20.2%) | Sandstone/Shale (7.0%)
15/9-23_block_8,2909.23,Marl,Marl,1.6303,Marl (66.4%) | Shale (15.9%) | Sandstone/Shale (7.4%)
15/9-23_block_8,2909.38,Marl,Marl,1.5157,Marl (69.2%) | Shale (14.4%) | Sandstone/Shale (7.4%)
15/9-23_block_8,2909.54,Marl,Marl,1.6427,Marl (68.1%) | Shale (11.1%) | Sandstone/Shale (7.9%)
15/9-23_block_8,2909.69,Marl,Marl,1.6715,Marl (64.9%) | Shale (16.8%) | Sandstone/Shale (7.7%)
15/9-23_block_8,2909.84,Marl,Marl,1.671,Marl (64.9%) | Shale (17.0%) | Sandstone/Shale (7.6%)
15/9-23_block_8,2909.99,Marl,Marl,1.686,Marl (64.3%) | Shale (16.8%) | Sandstone/Shale (8.2%)
15/9-23_block_8,2910.14,Marl,Marl,1.6506,Marl (66.1%) | Shale (15.6%) | Sandstone/Shale (7.4%)
15/9-23_block_8,2910.3,Marl,Marl,1.6609,Marl (64.9%) | Shale (17.7%) | Sandstone/Shale (6.7%)
15/9-23_block_8,2910.45,Marl,Marl,1.9779,Marl (53.4%) | Shale (22.4%) | Sandstone (8.4%)
15/9-23_block_8,2910.6,Marl,Marl,1.8057,Marl (58.8%) | Shale (21.8%) | Sandstone/Shale (7.7%)
15/9-23_block_8,2910.75,Marl,Marl,1.6729,Marl (61.4%) | Shale (21.9%) | Sandstone/Shale (7.5%)
15/9-23_block_8,2910.9,Marl,Marl,1.7755,Marl (46.9%) | Shale (37.0%) | Sandstone/Shale (7.7%)
15/9-23_block_8,2911.06,Marl,Marl,1.8602,Marl (44.4%) | Shale (35.1%) | Sandstone/Shale (12.2%)
15/9-23_block_8,2911.21,Marl,Sandstone/Shale,1.9517,Sandstone/Shale (35.6%) | Shale (29.4%) | Marl (27.7%)
15/9-23_block_8,2911.36,Marl,Sandstone/Shale,1.8637,Sandstone/Shale (45.6%) | Shale (29.4%) | Marl (17.7%)
15/9-23_block_8,2911.51,Marl,Sandstone/Shale,1.8677,Sandstone/Shale (41.5%) | Shale (34.5%) | Marl (16.8%)
15/9-23_block_8,2911.66,Marl,Sandstone/Shale,1.8477,Sandstone/Shale (45.2%) | Shale (30.9%) | Marl (16.8%)
15/9-23_block_8,2911.82,Marl,Sandstone/Shale,1.8314,Sandstone/Shale (47.4%) | Shale (29.9%) | Marl (15.5%)
15/9-23_block_8,2911.97,Marl,Shale,1.7516,Shale (55.5%) | Sandstone/Shale (24.0%) | Marl (12.9%)
15/9-23_block_8,2912.12,Marl,Shale,1.6399,Shale (56.8%) | Marl (29.5%) | Sandstone/Shale (6.0%)
15/9-23_block_8,2912.27,Marl,Shale,1.7109,Shale (49.5%) | Marl (36.4%) | Sandstone/Shale (5.4%)
15/9-23_block_8,2912.42,Marl,Shale,1.7593,Shale (52.0%) | Marl (31.9%) | Sandstone/Shale (6.6%)
15/9-23_block_8,2912.58,Marl,Shale,1.7702,Shale (51.5%) | Marl (32.1%) | Sandstone/Shale (6.8%)
15/9-23_block_8,2912.73,Marl,Shale,1.7601,Shale (52.3%) | Marl (31.5%) | Sandstone/Shale (6.5%)
15/9-23_block_8,2912.88,Marl,Shale,1.8848,Shale (50.5%) | Marl (29.4%) | Sandstone/Shale (9.0%)
15/9-23_block_8,2913.03,Marl,Shale,1.7988,Shale (46.0%) | Marl (37.3%) | Sandstone/Shale (7.5%)
15/9-23_block_8,2913.18,Marl,Shale,1.8846,Shale (46.2%) | Marl (34.4%) | Sandstone/Shale (8.8%)
15/9-23_block_8,2913.79,Marl,Marl,1.6278,Marl (65.0%) | Shale (18.0%) | Sandstone/Shale (7.4%)
15/9-23_block_8,2913.94,Marl,Marl,1.6445,Marl (65.2%) | Shale (17.4%) | Sandstone/Shale (7.2%)
15/9-23_block_8,2914.1,Marl,Marl,1.6586,Marl (64.7%) | Shale (17.6%) | Sandstone/Shale (7.3%)
15/9-23_block_8,2914.25,Marl,Marl,1.6872,Marl (64.3%) | Shale (16.6%) | Sandstone/Shale (8.5%)
15/9-23_block_8,2914.4,Marl,Marl,1.6877,Marl (64.0%) | Shale (17.4%) | Sandstone/Shale (8.0%)
15/9-23_block_8,2914.55,Marl,Marl,1.6715,Marl (64.3%) | Shale (17.4%) | Sandstone/Shale (8.0%)
15/9-23_block_8,2915.01,Marl,Marl,1.7726,Marl (62.8%) | Shale (17.2%) | Sandstone/Shale (7.2%)
15/9-23_block_8,2915.16,Marl,Marl,1.7295,Marl (61.7%) | Shale (20.4%) | Sandstone/Shale (7.3%)
15/9-23_block_8,2915.31,Marl,Marl,1.7182,Marl (59.3%) | Shale (24.3%) | Sandstone/Shale (6.4%)
15/9-23_block_8,2915.62,Marl,Marl,1.7652,Marl (51.7%) | Shale (32.7%) | Sandstone/Shale (6.2%)
15/9-23_block_8,2915.77,Marl,Marl,1.636,Marl (61.5%) | Shale (23.8%) | Sandstone/Shale (5.7%)
15/9-23_block_8,2915.92,Marl,Marl,1.6596,Marl (60.0%) | Shale (25.2%) | Sandstone/Shale (5.4%)
15/9-23_block_8,2916.07,Marl,Marl,1.678,Marl (63.0%) | Shale (19.8%) | Sandstone/Shale (6.6%)
15/9-23_block_8,2916.98,Marl,Marl,1.559,Marl (71.3%) | Shale (7.4%) | Sandstone/Shale (5.9%)
15/9-23_block_8,2917.14,Marl,Marl,1.7536,Marl (63.0%) | Limestone (16.6%) | Shale (7.3%)
15/9-23_block_8,2917.29,Limestone,Marl,1.8865,Marl (53.9%) | Limestone (25.7%) | Shale (6.7%)
15/9-23_block_8,2917.44,Limestone,Limestone,1.9035,Limestone (48.1%) | Marl (32.6%) | Shale (6.7%)
15/9-23_block_8,2917.59,Limestone,Limestone,2.0599,Limestone (48.8%) | Marl (21.9%) | Shale (15.0%)
15/9-23_block_8,2917.74,Limestone,Limestone,1.9005,Limestone (48.6%) | Marl (32.1%) | Shale (6.9%)
15/9-23_block_8,2917.9,Limestone,Limestone,1.965,Limestone (45.1%) | Marl (34.0%) | Shale (7.0%)
15/9-23_block_8,2918.05,Limestone,Marl,2.086,Marl (40.8%) | Limestone (31.0%) | Shale (15.1%)
15/9-23_block_8,2918.2,Limestone,Marl,2.1096,Marl (36.2%) | Limestone (35.3%) | Shale (15.2%)
15/9-23_block_8,2918.35,Limestone,Marl,2.3583,Marl (37.2%) | Limestone (25.5%) | Shale (16.3%)
15/9-23_block_8,2918.5,Limestone,Marl,2.268,Marl (46.3%) | Shale (17.7%) | Limestone (15.0%)
15/9-23_block_8,2918.66,Marl,Marl,2.0873,Marl (49.6%) | Limestone (22.1%) | Shale (12.0%)
15/9-23_block_8,2918.81,Marl,Shale,1.628,Shale (61.3%) | Marl (22.1%) | Limestone (9.0%)
15/9-23_block_8,2919.11,Shale,Shale,1.6927,Shale (60.3%) | Marl (19.7%) | Sandstone/Shale (11.9%)
15/9-23_block_8,2919.26,Shale,Sandstone/Shale,2.156,Sandstone/Shale (38.1%) | Marl (27.1%) | Shale (21.3%)
15/9-23_block_8,2919.42,Shale,Sandstone/Shale,2.2841,Sandstone/Shale (36.0%) | Marl (24.5%) | Shale (21.6%)
15/9-23_block_8,2919.57,Marl,Marl,1.8417,Marl (62.1%) | Limestone (11.7%) | Shale (10.7%)
15/9-23_block_8,2919.72,Marl,Marl,1.9478,Marl (58.9%) | Limestone (12.8%) | Shale (11.8%)
15/9-23_block_8,2919.87,Limestone,Marl,1.9513,Marl (58.7%) | Limestone (13.1%) | Shale (11.8%)
15/9-23_block_8,2920.02,Limestone,Marl,1.7009,Marl (67.9%) | Shale (10.1%) | Sandstone/Shale (5.8%)
15/9-23_block_8,2920.18,Limestone,Marl,1.8162,Marl (64.1%) | Limestone (9.7%) | Shale (9.3%)
15/9-23_block_8,2920.33,Limestone,Marl,1.7987,Marl (62.6%) | Limestone (13.6%) | Shale (9.1%)
15/9-23_block_8,2920.48,Limestone,Marl,1.5304,Marl (70.7%) | Shale (11.7%) | Sandstone/Shale (5.3%)
15/9-23_block_8,2920.78,Marl,Marl,1.5258,Marl (71.1%) | Shale (10.9%) | Sandstone/Shale (6.0%)
15/9-23_block_8,2921.09,Marl,Marl,1.6143,Marl (69.5%) | Limestone (8.0%) | Shale (7.9%)
15/9-23_block_8,2921.24,Marl,Marl,1.5503,Marl (71.0%) | Shale (8.7%) | Limestone (5.9%)
15/9-23_block_8,2921.39,Marl,Marl,1.5646,Marl (70.8%) | Limestone (7.4%) | Shale (7.2%)
15/9-23_block_8,2921.54,Marl,Marl,1.7854,Marl (60.4%) | Limestone (19.6%) | Shale (6.9%)
15/9-23_block_8,2921.7,Limestone,Marl,1.7081,Marl (64.7%) | Limestone (15.4%) | Shale (6.6%)
15/9-23_block_8,2921.85,Limestone,Marl,1.8608,Marl (47.0%) | Limestone (35.0%) | Shale (6.6%)
15/9-23_block_8,2922.0,Limestone,Limestone,1.964,Limestone (41.7%) | Marl (37.6%) | Shale (6.9%)
15/9-23_block_8,2922.15,Limestone,Marl,2.166,Marl (45.2%) | Limestone (28.1%) | Shale (6.6%)
15/9-23_block_8,2922.3,Limestone,Marl,1.9029,Marl (54.4%) | Limestone (24.6%) | Shale (6.2%)
15/9-23_block_8,2922.46,Limestone,Marl,1.863,Marl (58.6%) | Shale (14.4%) | Limestone (13.9%)
15/9-23_block_8,2923.98,Marl,Marl,1.5031,Marl (72.0%) | Shale (9.1%) | Sandstone/Shale (6.4%)
15/9-23_block_8,2924.28,Marl,Marl,2.0032,Marl (55.8%) | Shale (13.9%) | Limestone (11.8%)
15/9-23_block_8,2924.43,Marl,Marl,1.8355,Marl (57.8%) | Shale (20.1%) | Limestone (10.1%)
15/9-23_block_8,2924.89,Marl,Marl,1.5073,Marl (70.5%) | Shale (13.3%) | Sandstone/Shale (5.0%)
15/9-23_block_8,2926.26,Marl,Marl,1.5254,Marl (70.4%) | Shale (12.3%) | Sandstone/Shale (6.0%)
15/9-23_block_8,2926.41,Marl,Marl,2.0175,Marl (51.7%) | Limestone (20.4%) | Shale (12.7%)
15/9-23_block_8,2926.56,Marl,Marl,1.5304,Marl (69.0%) | Shale (15.2%) | Sandstone/Shale (5.5%)
15/9-23_block_8,2926.71,Marl,Marl,1.517,Marl (69.5%) | Shale (14.7%) | Sandstone/Shale (5.3%)
15/9-23_block_8,2926.86,Marl,Marl,1.7126,Marl (64.0%) | Tuff (13.1%) | Shale (10.5%)
15/9-23_block_8,2927.17,Marl,Marl,1.5436,Marl (71.4%) | Shale (7.0%) | Limestone (6.6%)
15/9-23_block_8,2927.32,Marl,Marl,1.5524,Marl (71.3%) | Shale (7.0%) | Limestone (6.5%)
15/9-23_block_8,2927.47,Marl,Marl,1.5853,Marl (70.2%) | Shale (7.8%) | Limestone (7.2%)
15/9-23_block_8,2927.62,Marl,Marl,1.5556,Marl (70.7%) | Shale (9.8%) | Sandstone/Shale (5.7%)
15/9-23_block_8,2927.78,Marl,Marl,2.0505,Marl (47.3%) | Limestone (27.0%) | Shale (10.7%)
15/9-23_block_8,2927.93,Marl,Marl,2.0039,Marl (49.4%) | Limestone (20.6%) | Shale (17.8%)
15/9-23_block_8,2928.08,Marl,Marl,2.0139,Marl (47.2%) | Shale (22.9%) | Limestone (18.1%)
15/9-23_block_8,2928.38,Marl,Marl,1.5923,Marl (64.7%) | Shale (21.2%) | Tuff (4.8%)
15/9-23_block_8,2928.54,Marl,Marl,1.5691,Marl (64.8%) | Shale (21.6%) | Tuff (4.8%)
15/9-23_block_8,2929.14,Marl,Marl,1.8625,Marl (43.9%) | Shale (36.9%) | Limestone (9.2%)
15/9-23_block_8,2929.3,Shale,Shale,1.8511,Shale (43.5%) | Marl (37.6%) | Limestone (9.0%)
15/9-23_block_8,2929.45,Shale,Shale,1.7351,Shale (50.2%) | Marl (33.2%) | Limestone (9.0%)
15/9-23_block_8,2929.6,Shale,Shale,1.897,Shale (41.9%) | Marl (33.1%) | Limestone (17.1%)
15/9-23_block_8,2930.06,Shale,Shale,1.7489,Shale (47.3%) | Marl (34.9%) | Sandstone/Shale (10.9%)
15/9-23_block_8,2930.51,Shale,Shale,1.561,Shale (63.8%) | Marl (22.7%) | Sandstone/Shale (5.1%)
15/9-23_block_8,2930.66,Marl,Shale,1.6967,Shale (57.5%) | Marl (27.2%) | Sandstone/Shale (5.5%)
15/9-23_block_8,2930.82,Marl,Marl,1.6062,Marl (51.5%) | Shale (37.0%) | Tuff (4.8%)
15/9-23_block_8,2931.12,Marl,Marl,1.5832,Marl (68.2%) | Shale (14.9%) | Sandstone/Shale (5.4%)
15/9-23_block_8,2931.27,Marl,Marl,2.1639,Marl (41.7%) | Limestone (30.3%) | Shale (11.5%)
15/9-23_block_8,2931.42,Marl,Shale,2.0536,Shale (42.6%) | Marl (31.2%) | Limestone (13.9%)
15/9-23_block_8,2931.58,Marl,Shale,1.8228,Shale (47.5%) | Marl (36.1%) | Limestone (5.3%)
15/9-23_block_8,2931.73,Marl,Marl,1.8606,Marl (43.2%) | Shale (40.2%) | Tuff (4.8%)
15/9-23_block_8,2931.88,Marl,Marl,1.7416,Marl (53.1%) | Shale (32.3%) | Tuff (4.8%)
15/9-23_block_8,2932.03,Marl,Marl,1.6932,Marl (60.9%) | Shale (23.7%) | Tuff (4.8%)
15/9-23_block_8,2932.18,Marl,Marl,1.6077,Marl (55.0%) | Shale (33.0%) | Tuff (4.8%)
15/9-23_block_8,2932.34,Marl,Marl,1.5918,Marl (50.3%) | Shale (38.5%) | Tuff (4.8%)
15/9-23_block_8,2932.49,Marl,Marl,1.6019,Marl (51.8%) | Shale (36.7%) | Tuff (4.8%)
15/9-23_block_8,2932.64,Shale,Shale,1.8663,Shale (49.0%) | Marl (31.3%) | Limestone (9.0%)
15/9-23_block_8,2932.79,Shale,Shale,1.8121,Shale (55.2%) | Marl (24.9%) | Limestone (9.4%)
15/9-23_block_8,2932.94,Shale,Marl,1.7988,Marl (41.2%) | Shale (40.2%) | Sandstone/Shale (11.3%)
15/9-23_block_8,2933.1,Shale,Marl,1.5769,Marl (46.0%) | Shale (43.4%) | Tuff (4.8%)
15/9-23_block_8,2933.25,Shale,Marl,1.8464,Marl (43.3%) | Shale (36.1%) | Tuff (13.0%)
15/9-23_block_8,2933.4,Shale,Marl,1.7097,Marl (48.2%) | Shale (38.3%) | Tuff (4.8%)
15/9-23_block_8,2933.55,Shale,Marl,1.79,Marl (59.0%) | Shale (23.2%) | Sandstone/Shale (5.5%)
15/9-23_block_8,2933.7,Marl,Marl,2.1405,Marl (49.7%) | Shale (19.7%) | Tuff (13.1%)
15/9-23_block_8,2933.86,Marl,Marl,2.0455,Marl (54.9%) | Shale (14.5%) | Limestone (12.1%)
15/9-23_block_8,2934.01,Marl,Marl,2.3478,Marl (44.6%) | Tuff (13.0%) | Limestone (12.8%)
15/9-23_block_8,2934.16,Marl,Marl,2.555,Marl (25.5%) | Limestone (25.2%) | Sandstone (16.2%)
15/9-23_block_8,2934.31,Marl,Shale,2.2934,Shale (43.0%) | Marl (20.3%) | Tuff (13.0%)
15/9-23_block_8,2934.46,Marl,Shale,2.3131,Shale (34.5%) | Marl (30.3%) | Tuff (13.0%)
15/9-23_block_8,2934.62,Marl,Marl,2.0188,Marl (48.1%) | Shale (26.5%) | Tuff (13.0%)
15/9-23_block_8,2934.77,Marl,Marl,1.6722,Marl (65.0%) | Shale (17.8%) | Sandstone/Shale (5.5%)
15/9-23_block_8,2934.92,Marl,Marl,1.8603,Marl (58.9%) | Shale (15.7%) | Tuff (13.0%)
15/9-23_block_8,2935.07,Marl,Marl,1.8266,Marl (61.8%) | Limestone (15.6%) | Shale (6.8%)
15/9-23_block_8,2935.22,Marl,Marl,2.1224,Marl (47.5%) | Limestone (22.2%) | Sandstone/Shale (13.7%)
15/9-23_block_8,2935.38,Marl,Limestone,2.2671,Limestone (40.6%) | Marl (24.7%) | Sandstone/Shale (13.9%)
15/9-23_block_8,2935.53,Marl,Marl,2.357,Marl (34.0%) | Limestone (26.2%) | Shale (14.8%)
15/9-23_block_8,2935.68,Marl,Marl,2.3428,Marl (34.1%) | Shale (24.6%) | Limestone (17.9%)
15/9-23_block_8,2935.83,Marl,Shale,2.4283,Shale (36.8%) | Marl (23.7%) | Tuff (13.0%)
15/9-23_block_8,2935.98,Marl,Marl,1.6713,Marl (48.4%) | Shale (39.0%) | Tuff (4.8%)
15/9-23_block_8,2936.14,Marl,Shale,1.6516,Shale (50.1%) | Marl (37.6%) | Tuff (4.8%)
15/9-23_block_8,2936.29,Marl,Marl,1.9299,Marl (43.4%) | Shale (34.0%) | Sandstone/Shale (12.8%)
15/9-23_block_8,2936.44,Marl,Shale,1.9222,Shale (39.4%) | Marl (38.4%) | Sandstone/Shale (12.6%)
15/9-23_block_8,2936.59,Marl,Shale,1.8162,Shale (42.5%) | Marl (41.0%) | Sandstone/Shale (6.7%)
15/9-23_block_8,2936.74,Shale,Shale,2.3005,Shale (42.9%) | Marl (21.4%) | Tuff (13.0%)
15/9-23_block_8,2936.9,Shale,Shale,1.7003,Shale (63.8%) | Tuff (13.0%) | Marl (12.8%)
15/9-23_block_8,2937.05,Shale,Shale,1.5092,Shale (70.8%) | Marl (12.5%) | Sandstone/Shale (5.9%)
15/9-23_block_8,2937.2,Shale,Shale,1.8306,Shale (58.1%) | Marl (22.7%) | Sandstone/Shale (5.5%)
15/9-23_block_8,2937.35,Shale,Shale,1.9173,Shale (42.2%) | Marl (34.2%) | Limestone (13.0%)
15/9-23_block_8,2937.5,Marl,Limestone,2.0913,Limestone (37.4%) | Shale (27.3%) | Marl (22.4%)
15/9-23_block_8,2937.66,Marl,Limestone,2.0024,Limestone (46.9%) | Shale (28.6%) | Marl (9.5%)
15/9-23_block_8,2937.81,Marl,Shale,1.8662,Shale (43.0%) | Limestone (38.1%) | Marl (7.1%)
15/9-23_block_8,2937.96,Marl,Shale,2.0056,Shale (52.7%) | Limestone (20.2%) | Chalk (9.3%)
15/9-23_block_8,2938.11,Shale,Shale,1.5758,Shale (67.7%) | Sandstone/Shale (10.1%) | Marl (9.9%)
15/9-23_block_8,2938.42,Shale,Shale,1.7209,Shale (53.9%) | Sandstone/Shale (29.5%) | Limestone (8.2%)
15/9-23_block_8,2996.02,Sandstone/Shale,Shale,1.5858,Shale (51.8%) | Sandstone/Shale (34.9%) | Sandstone (10.3%)
15/9-23_block_8,3007.58,Shale,Shale,1.5642,Shale (57.2%) | Sandstone/Shale (29.7%) | Marl (6.1%)
15/9-23_block_8,3007.73,Shale,Shale,1.5517,Shale (55.2%) | Sandstone/Shale (31.8%) | Sandstone (6.4%)
15/9-23_block_8,3008.03,Limestone,Shale,1.7009,Shale (50.7%) | Sandstone/Shale (34.0%) | Marl (7.8%)
15/9-23_block_8,3008.18,Limestone,Shale,1.6866,Shale (51.5%) | Sandstone/Shale (33.5%) | Marl (7.6%)
15/9-23_block_8,3009.86,Shale,Shale,1.5827,Shale (54.7%) | Sandstone/Shale (31.4%) | Sandstone (7.4%)
15/9-23_block_8,3010.01,Shale,Shale,1.5463,Shale (55.2%) | Sandstone/Shale (32.9%) | Sandstone (5.7%)
15/9-23_block_8,3018.98,Sandstone/Shale,Shale,1.6171,Shale (58.3%) | Sandstone/Shale (27.0%) | Marl (7.7%)
15/9-23_block_8,3019.13,Sandstone/Shale,Shale,1.7752,Shale (45.3%) | Sandstone/Shale (38.0%) | Marl (8.1%)
15/9-23_block_8,3020.8,Shale,Shale,1.5178,Shale (59.9%) | Sandstone/Shale (28.1%) | Marl (5.5%)
15/9-23_block_8,3020.95,Shale,Shale,1.5367,Shale (59.0%) | Sandstone/Shale (28.7%) | Marl (5.6%)
15/9-23_block_8,3021.1,Shale,Shale,1.5446,Shale (57.9%) | Sandstone/Shale (29.9%) | Marl (5.6%)
15/9-23_block_8,3021.26,Shale,Shale,1.5676,Shale (55.4%) | Sandstone/Shale (32.4%) | Marl (5.6%)
15/9-23_block_8,3021.41,Shale,Shale,1.569,Shale (55.2%) | Sandstone/Shale (32.7%) | Marl (5.5%)
15/9-23_block_8,3021.56,Shale,Shale,1.5669,Shale (55.0%) | Sandstone/Shale (33.3%) | Marl (5.6%)
15/9-23_block_8,3022.62,Shale,Shale,1.5641,Shale (70.1%) | Sandstone/Shale (10.2%) | Tuff (8.2%)
15/9-23_block_8,3023.69,Shale,Shale,1.6024,Shale (67.2%) | Sandstone/Shale (11.2%) | Basement (9.5%)
15/9-23_block_8,3023.84,Shale,Shale,1.8003,Shale (58.9%) | Tuff (16.3%) | Sandstone/Shale (11.3%)
15/9-23_block_8,3023.99,Shale,Shale,1.6224,Shale (66.3%) | Sandstone/Shale (12.3%) | Basement (9.3%)
15/9-23_block_8,3024.3,Shale,Shale,1.5985,Shale (67.4%) | Sandstone/Shale (11.2%) | Basement (9.2%)
15/9-23_block_8,3025.06,Shale,Shale,1.7961,Shale (59.3%) | Sandstone/Shale (18.5%) | Basement (8.8%)
15/9-23_block_8,3025.36,Shale,Shale,1.5585,Shale (58.7%) | Sandstone/Shale (28.3%) | Basement (6.6%)
15/9-23_block_8,3025.97,Limestone,Sandstone/Shale,1.9031,Sandstone/Shale (48.1%) | Shale (31.7%) | Marl (8.1%)
15/9-23_block_8,3026.12,Limestone,Sandstone/Shale,2.0099,Sandstone/Shale (53.7%) | Shale (16.3%) | Sandstone (13.3%)
15/9-23_block_8,3026.27,Limestone,Sandstone/Shale,2.0608,Sandstone/Shale (40.0%) | Sandstone (36.0%) | Anhydrite (8.2%)
15/9-23_block_8,3026.42,Limestone,Sandstone/Shale,2.3248,Sandstone/Shale (45.4%) | Sandstone (18.1%) | Shale (14.0%)
15/9-23_block_8,3026.58,Limestone,Shale,1.7068,Shale (60.6%) | Sandstone/Shale (20.5%) | Basement (8.2%)
15/9-23_block_8,3026.73,Shale,Shale,1.6938,Shale (55.9%) | Sandstone/Shale (27.8%) | Basement (8.6%)
15/9-23_block_8,3027.64,Shale,Shale,1.5,Shale (70.4%) | Sandstone/Shale (11.5%) | Chalk (8.5%)
15/9-23_block_8,3028.7,Shale,Shale,1.597,Shale (67.4%) | Sandstone/Shale (11.0%) | Basement (9.2%)
15/9-23_block_8,3028.86,Shale,Shale,1.593,Shale (67.4%) | Sandstone/Shale (11.1%) | Basement (9.1%)
15/9-23_block_8,3029.31,Shale,Shale,1.5755,Shale (68.0%) | Sandstone/Shale (11.4%) | Basement (8.4%)
15/9-23_block_8,3029.46,Shale,Shale,1.623,Shale (66.8%) | Sandstone/Shale (13.4%) | Tuff (8.2%)
15/9-23_block_8,3029.62,Shale,Shale,1.652,Shale (65.0%) | Sandstone/Shale (13.6%) | Basement (9.1%)
15/9-23_block_8,3030.07,Shale,Shale,1.5798,Shale (67.8%) | Sandstone/Shale (13.8%) | Tuff (8.2%)
15/9-23_block_8,3030.68,Shale,Shale,1.5396,Shale (66.1%) | Sandstone/Shale (12.4%) | Marl (11.3%)
15/9-23_block_8,3030.83,Shale,Shale,1.514,Shale (67.1%) | Sandstone/Shale (11.7%) | Marl (11.2%)
15/9-23_block_8,3032.96,Shale,Shale,1.6183,Shale (65.1%) | Sandstone/Shale (17.1%) | Tuff (8.2%)
15/9-23_block_8,3033.26,Shale,Shale,1.5732,Shale (67.8%) | Sandstone/Shale (11.2%) | Basement (9.4%)
15/9-23_block_8,3038.89,Sandstone/Shale,Sandstone/Shale,1.5422,Sandstone/Shale (55.5%) | Shale (33.7%) | Marl (5.2%)
15/9-23_block_8,3039.19,Sandstone/Shale,Sandstone/Shale,1.7514,Sandstone/Shale (56.6%) | Shale (26.8%) | Marl (6.0%)
15/9-23_block_8,3039.34,Sandstone/Shale,Sandstone/Shale,1.6869,Sandstone/Shale (58.3%) | Shale (25.7%) | Marl (7.5%)
15/9-23_block_8,3039.5,Sandstone/Shale,Sandstone/Shale,1.5744,Sandstone/Shale (66.6%) | Shale (16.7%) | Marl (8.0%)
15/9-23_block_8,3039.65,Sandstone/Shale,Sandstone/Shale,1.5947,Sandstone/Shale (65.8%) | Shale (17.6%) | Marl (7.5%)
15/9-23_block_8,3039.8,Sandstone/Shale,Sandstone/Shale,1.5846,Sandstone/Shale (66.3%) | Shale (17.0%) | Marl (8.0%)
15/9-23_block_8,3039.95,Sandstone/Shale,Sandstone/Shale,1.5746,Sandstone/Shale (66.5%) | Shale (17.1%) | Marl (7.6%)
15/9-23_block_8,3040.1,Sandstone/Shale,Sandstone/Shale,1.6923,Sandstone/Shale (58.5%) | Shale (24.7%) | Marl (8.4%)
15/9-23_block_8,3040.26,Sandstone/Shale,Sandstone/Shale,1.6994,Sandstone/Shale (56.9%) | Shale (26.8%) | Marl (8.1%)
15/9-23_block_8,3040.41,Sandstone/Shale,Sandstone/Shale,1.6977,Sandstone/Shale (58.1%) | Shale (25.0%) | Marl (8.5%)
15/9-23_block_8,3040.56,Sandstone/Shale,Sandstone/Shale,1.6465,Sandstone/Shale (61.5%) | Shale (21.7%) | Marl (8.6%)
15/9-23_block_8,3040.71,Sandstone/Shale,Shale,1.6956,Shale (46.9%) | Sandstone/Shale (38.4%) | Marl (7.7%)
15/9-23_block_8,3040.86,Sandstone/Shale,Shale,1.6938,Shale (47.4%) | Sandstone/Shale (38.5%) | Marl (6.6%)
15/9-23_block_8,3041.02,Sandstone/Shale,Sandstone/Shale,1.7022,Sandstone/Shale (43.4%) | Shale (42.6%) | Marl (6.6%)
15/9-23_block_8,3041.17,Sandstone/Shale,Shale,1.7137,Shale (45.6%) | Sandstone/Shale (40.5%) | Marl (5.6%)
15/9-23_block_8,3041.32,Sandstone/Shale,Sandstone/Shale,1.6927,Sandstone/Shale (51.6%) | Shale (33.0%) | Marl (8.1%)
15/9-23_block_8,3041.47,Sandstone/Shale,Sandstone/Shale,1.7171,Sandstone/Shale (47.3%) | Shale (37.3%) | Marl (8.1%)
15/9-23_block_8,3041.62,Sandstone/Shale,Sandstone/Shale,1.7779,Sandstone/Shale (47.1%) | Shale (36.5%) | Marl (7.9%)
15/9-23_block_8,3041.78,Sandstone/Shale,Sandstone/Shale,1.7526,Sandstone/Shale (51.6%) | Shale (32.1%) | Marl (7.8%)
15/9-23_block_8,3041.93,Sandstone/Shale,Sandstone/Shale,1.761,Sandstone/Shale (55.1%) | Shale (27.2%) | Marl (8.4%)
15/9-23_block_8,3042.08,Sandstone/Shale,Sandstone/Shale,1.7933,Sandstone/Shale (53.9%) | Shale (28.2%) | Marl (7.8%)
15/9-23_block_8,3042.54,Sandstone/Shale,Sandstone/Shale,1.5096,Sandstone/Shale (69.7%) | Shale (13.4%) | Marl (7.9%)
15/9-23_block_8,3042.69,Sandstone/Shale,Sandstone/Shale,1.5717,Sandstone/Shale (66.7%) | Shale (16.5%) | Marl (8.1%)
15/9-23_block_8,3042.84,Sandstone/Shale,Sandstone/Shale,1.7113,Sandstone/Shale (58.4%) | Shale (24.5%) | Marl (7.8%)
15/9-23_block_8,3042.99,Sandstone/Shale,Sandstone/Shale,1.704,Sandstone/Shale (58.7%) | Shale (24.3%) | Marl (8.0%)
15/9-23_block_8,3043.14,Sandstone/Shale,Sandstone/Shale,1.7793,Sandstone/Shale (53.4%) | Shale (29.3%) | Marl (7.7%)
15/9-23_block_8,3043.3,Sandstone/Shale,Sandstone/Shale,1.6368,Sandstone/Shale (65.2%) | Shale (17.1%) | Marl (7.8%)
15/9-23_block_8,3044.06,Sandstone/Shale,Sandstone/Shale,1.6448,Sandstone/Shale (62.4%) | Shale (20.6%) | Marl (8.5%)
